116.14,38.37,2025-05-05T00:18:57.375Z
112.56,77.5,2025-05-05T00:18:57.375Z
109.06,51.55,2025-05-05T00:18:57.375Z
113.77,68.32,2025-05-05T00:18:57.375Z
118.52,71.85,2025-05-05T00:18:57.375Z
115.42,53.71,2025-05-05T00:18:57.375Z
113.11,65.27,2025-05-05T00:18:57.375Z
108.35,37.22,2025-05-05T00:18:57.375Z
119.58,84.63,2025-05-05T00:18:57.375Z
114.47,61.56,2025-05-05T00:18:57.375Z
109.16,36.56,2025-05-05T00:18:57.375Z
107.96,79.59,2025-05-05T00:18:57.375Z
117.59,41.24,2025-05-05T00:18:57.375Z
112.16,61.6,2025-05-05T00:18:57.375Z
115.61,39.01,2025-05-05T00:18:57.375Z
118.82,35.7,2025-05-05T00:18:57.375Z
119.39,84.96,2025-05-05T00:18:57.375Z
107.6,85.59,2025-05-05T00:18:57.375Z
117.98,44.54,2025-05-05T00:18:57.375Z
118.58,36.5,2025-05-05T00:18:57.375Z
109.26,82.71,2025-05-05T00:18:57.375Z
111.09,84.44,2025-05-05T00:18:57.375Z
115.28,58.77,2025-05-05T00:18:57.375Z
112.15,56.99,2025-05-05T00:18:57.375Z
107.34,39.7,2025-05-05T00:18:57.375Z
107.92,63.43,2025-05-05T00:18:57.375Z
114.86,32.65,2025-05-05T00:18:57.375Z
116.8,31.85,2025-05-05T00:18:57.375Z
114.08,82.62,2025-05-05T00:18:57.375Z
107.86,76.58,2025-05-05T00:18:57.375Z
115.51,35.35,2025-05-05T00:18:57.375Z
111.0,62.46,2025-05-05T00:18:57.375Z
119.06,45.31,2025-05-05T00:18:57.375Z
107.53,32.35,2025-05-05T00:18:57.375Z
108.55,66.64,2025-05-05T00:18:57.375Z
111.9,32.7,2025-05-05T00:18:57.375Z
118.93,47.24,2025-05-05T00:18:57.375Z
108.58,41.18,2025-05-05T00:18:57.375Z
108.2,41.31,2025-05-05T00:18:57.375Z
117.49,46.74,2025-05-05T00:18:57.375Z
107.99,49.85,2025-05-05T00:18:57.375Z
117.14,51.52,2025-05-05T00:18:57.375Z
118.75,44.98,2025-05-05T00:18:57.375Z
117.82,57.06,2025-05-05T00:18:57.375Z
118.64,32.79,2025-05-05T00:18:57.375Z
112.89,54.52,2025-05-05T00:18:57.375Z
115.8,79.27,2025-05-05T00:18:57.375Z
113.88,86.52,2025-05-05T00:18:57.375Z
108.26,38.58,2025-05-05T00:18:57.375Z
107.88,82.01,2025-05-05T00:18:57.375Z
107.32,33.58,2025-05-05T00:18:57.375Z
112.01,34.76,2025-05-05T00:18:57.375Z
110.4,35.56,2025-05-05T00:18:57.375Z
119.64,34.98,2025-05-05T00:18:57.375Z
118.7,61.3,2025-05-05T00:18:57.375Z
110.3,31.93,2025-05-05T00:18:57.375Z
112.49,43.04,2025-05-05T00:18:57.375Z
113.33,62.56,2025-05-05T00:18:57.375Z
107.69,32.93,2025-05-05T00:18:57.375Z
107.86,43.54,2025-05-05T00:18:57.375Z
119.66,78.5,2025-05-05T00:18:57.375Z
108.14,45.28,2025-05-05T00:18:57.375Z
116.89,71.74,2025-05-05T00:18:57.375Z
108.73,78.01,2025-05-05T00:18:57.375Z
108.89,55.35,2025-05-05T00:18:57.375Z
116.52,43.49,2025-05-05T00:18:57.375Z
115.37,42.28,2025-05-05T00:18:57.375Z
107.94,80.15,2025-05-05T00:18:57.375Z
112.59,48.81,2025-05-05T00:18:57.375Z
117.54,35.34,2025-05-05T00:18:57.375Z
110.82,73.53,2025-05-05T00:18:57.375Z
118.76,45.73,2025-05-05T00:18:57.375Z
114.97,45.12,2025-05-05T00:18:57.375Z
119.04,69.51,2025-05-05T00:18:57.375Z
110.99,74.92,2025-05-05T00:18:57.375Z
116.78,54.97,2025-05-05T00:18:57.375Z
107.36,44.64,2025-05-05T00:18:57.375Z
113.4,86.29,2025-05-05T00:18:57.375Z
112.91,46.5,2025-05-05T00:18:57.375Z
116.03,67.86,2025-05-05T00:18:57.375Z
114.61,61.38,2025-05-05T00:18:57.375Z
107.39,48.42,2025-05-05T00:18:57.375Z
118.59,54.92,2025-05-05T00:18:57.375Z
108.65,61.99,2025-05-05T00:18:57.375Z
117.37,85.7,2025-05-05T00:18:57.375Z
110.97,33.61,2025-05-05T00:18:57.375Z
119.94,57.85,2025-05-05T00:18:57.375Z
112.27,87.89,2025-05-05T00:18:57.375Z
119.54,80.18,2025-05-05T00:18:57.375Z
108.17,56.68,2025-05-05T00:18:57.375Z
113.44,87.5,2025-05-05T00:18:57.375Z
110.8,75.21,2025-05-05T00:18:57.375Z
117.18,72.26,2025-05-05T00:18:57.375Z
116.83,54.19,2025-05-05T00:18:57.375Z
115.15,51.74,2025-05-05T00:18:57.375Z
116.91,58.78,2025-05-05T00:18:57.375Z
119.31,49.63,2025-05-05T00:18:57.375Z
116.24,46.77,2025-05-05T00:18:57.375Z
117.72,67.81,2025-05-05T00:18:57.375Z
117.54,50.68,2025-05-05T00:18:57.375Z
117.62,62.62,2025-05-05T00:18:57.375Z
113.13,89.16,2025-05-05T00:18:57.375Z
112.58,42.57,2025-05-05T00:18:57.375Z
107.31,78.55,2025-05-05T00:18:57.375Z
113.06,72.99,2025-05-05T00:18:57.375Z
108.41,31.78,2025-05-05T00:18:57.375Z
116.23,79.69,2025-05-05T00:18:57.375Z
114.49,50.27,2025-05-05T00:18:57.375Z
116.66,62.1,2025-05-05T00:18:57.375Z
109.56,68.63,2025-05-05T00:18:57.375Z
108.1,31.03,2025-05-05T00:18:57.375Z
116.39,78.94,2025-05-05T00:18:57.375Z
119.05,89.4,2025-05-05T00:18:57.375Z
118.95,73.52,2025-05-05T00:18:57.375Z
111.99,53.16,2025-05-05T00:18:57.375Z
118.71,87.85,2025-05-05T00:18:57.375Z
119.61,56.96,2025-05-05T00:18:57.375Z
110.04,72.63,2025-05-05T00:18:57.375Z
109.73,82.87,2025-05-05T00:18:57.375Z
113.2,80.64,2025-05-05T00:18:57.375Z
117.5,42.36,2025-05-05T00:18:57.375Z
108.35,63.17,2025-05-05T00:18:57.375Z
111.02,43.09,2025-05-05T00:18:57.375Z
110.9,33.81,2025-05-05T00:18:57.375Z
112.48,47.4,2025-05-05T00:18:57.375Z
117.13,38.04,2025-05-05T00:18:57.375Z
118.59,64.77,2025-05-05T00:18:57.375Z
115.55,44.57,2025-05-05T00:18:57.375Z
114.38,43.63,2025-05-05T00:18:57.375Z
111.33,48.69,2025-05-05T00:18:57.375Z
107.65,40.56,2025-05-05T00:18:57.375Z
109.2,30.5,2025-05-05T00:18:57.375Z
113.45,43.61,2025-05-05T00:18:57.375Z
110.07,71.98,2025-05-05T00:18:57.375Z
119.25,47.49,2025-05-05T00:18:57.375Z
119.22,51.33,2025-05-05T00:18:57.375Z
110.95,81.61,2025-05-05T00:18:57.375Z
111.63,85.18,2025-05-05T00:18:57.375Z
108.2,76.46,2025-05-05T00:18:57.375Z
116.55,81.57,2025-05-05T00:18:57.375Z
114.83,56.36,2025-05-05T00:18:57.375Z
110.53,30.74,2025-05-05T00:18:57.375Z
118.65,85.52,2025-05-05T00:18:57.375Z
115.04,35.0,2025-05-05T00:18:57.375Z
117.42,59.91,2025-05-05T00:18:57.375Z
115.04,85.16,2025-05-05T00:18:57.375Z
119.84,34.11,2025-05-05T00:18:57.375Z
114.52,85.41,2025-05-05T00:18:57.375Z
113.4,43.35,2025-05-05T00:18:57.375Z
119.76,60.61,2025-05-05T00:18:57.375Z
118.03,44.09,2025-05-05T00:18:57.375Z
114.04,61.07,2025-05-05T00:18:57.375Z
111.41,45.73,2025-05-05T00:18:57.375Z
110.98,49.14,2025-05-05T00:18:57.375Z
108.23,42.46,2025-05-05T00:18:57.375Z
108.79,37.14,2025-05-05T00:18:57.375Z
118.94,48.55,2025-05-05T00:18:57.375Z
108.96,37.42,2025-05-05T00:18:57.375Z
119.89,76.08,2025-05-05T00:18:57.375Z
115.49,70.82,2025-05-05T00:18:57.375Z
111.93,49.12,2025-05-05T00:18:57.375Z
114.3,43.15,2025-05-05T00:18:57.375Z
119.99,41.35,2025-05-05T00:18:57.375Z
118.17,42.95,2025-05-05T00:18:57.375Z
110.52,66.65,2025-05-05T00:18:57.375Z
119.38,65.75,2025-05-05T00:18:57.375Z
108.28,72.88,2025-05-05T00:18:57.375Z
109.58,60.3,2025-05-05T00:18:57.375Z
110.76,46.08,2025-05-05T00:18:57.375Z
108.41,86.03,2025-05-05T00:18:57.375Z
109.82,74.71,2025-05-05T00:18:57.375Z
108.23,81.58,2025-05-05T00:18:57.375Z
110.65,37.15,2025-05-05T00:18:57.375Z
118.34,34.84,2025-05-05T00:18:57.375Z
109.87,68.81,2025-05-05T00:18:57.375Z
115.9,37.52,2025-05-05T00:18:57.375Z
114.06,44.33,2025-05-05T00:18:57.375Z
109.08,37.71,2025-05-05T00:18:57.375Z
112.92,62.14,2025-05-05T00:18:57.375Z
112.07,37.37,2025-05-05T00:18:57.375Z
116.46,54.51,2025-05-05T00:18:57.375Z
118.52,49.43,2025-05-05T00:18:57.375Z
108.94,77.76,2025-05-05T00:18:57.375Z
108.97,47.61,2025-05-05T00:18:57.375Z
114.04,86.58,2025-05-05T00:18:57.375Z
113.66,87.66,2025-05-05T00:18:57.375Z
112.68,41.91,2025-05-05T00:18:57.375Z
118.04,41.43,2025-05-05T00:18:57.375Z
118.94,52.78,2025-05-05T00:18:57.375Z
115.48,37.93,2025-05-05T00:18:57.375Z
114.3,47.16,2025-05-05T00:18:57.375Z
114.85,52.96,2025-05-05T00:18:57.375Z
112.92,50.9,2025-05-05T00:18:57.375Z
113.78,67.37,2025-05-05T00:18:57.375Z
112.98,85.31,2025-05-05T00:18:57.375Z
112.23,32.61,2025-05-05T00:18:57.375Z
113.22,86.21,2025-05-05T00:18:57.375Z
112.85,62.74,2025-05-05T00:18:57.375Z
112.34,57.79,2025-05-05T00:18:57.375Z
110.95,56.67,2025-05-05T00:18:57.375Z
110.68,68.79,2025-05-05T00:18:57.375Z
109.86,62.38,2025-05-05T00:18:57.375Z
114.83,66.05,2025-05-05T00:18:57.375Z
110.88,70.52,2025-05-05T00:18:57.375Z
108.56,44.12,2025-05-05T00:18:57.375Z
108.53,87.61,2025-05-05T00:18:57.375Z
112.97,65.88,2025-05-05T00:18:57.375Z
111.09,42.02,2025-05-05T00:18:57.375Z
118.77,56.29,2025-05-05T00:18:57.375Z
108.68,60.96,2025-05-05T00:18:57.375Z
112.3,74.85,2025-05-05T00:18:57.375Z
115.13,82.82,2025-05-05T00:18:57.375Z
112.43,62.36,2025-05-05T00:18:57.375Z
112.6,50.01,2025-05-05T00:18:57.375Z
108.4,58.39,2025-05-05T00:18:57.375Z
109.13,85.18,2025-05-05T00:18:57.375Z
114.8,77.74,2025-05-05T00:18:57.375Z
115.5,43.5,2025-05-05T00:18:57.375Z
116.58,39.48,2025-05-05T00:18:57.375Z
110.23,71.6,2025-05-05T00:18:57.375Z
115.94,39.4,2025-05-05T00:18:57.375Z
108.52,51.0,2025-05-05T00:18:57.375Z
109.26,68.84,2025-05-05T00:18:57.375Z
114.51,56.3,2025-05-05T00:18:57.375Z
118.98,30.7,2025-05-05T00:18:57.375Z
116.66,69.05,2025-05-05T00:18:57.375Z
112.26,80.01,2025-05-05T00:18:57.375Z
116.33,45.81,2025-05-05T00:18:57.375Z
119.7,64.54,2025-05-05T00:18:57.375Z
116.71,61.44,2025-05-05T00:18:57.375Z
114.96,75.27,2025-05-05T00:18:57.375Z
112.97,83.29,2025-05-05T00:18:57.375Z
118.51,83.4,2025-05-05T00:18:57.375Z
114.38,89.82,2025-05-05T00:18:57.375Z
114.54,86.97,2025-05-05T00:18:57.375Z
111.41,53.69,2025-05-05T00:18:57.375Z
108.51,58.81,2025-05-05T00:18:57.375Z
108.11,33.12,2025-05-05T00:18:57.375Z
107.55,47.45,2025-05-05T00:18:57.375Z
109.5,77.18,2025-05-05T00:18:57.375Z
117.51,75.99,2025-05-05T00:18:57.375Z
115.26,31.66,2025-05-05T00:18:57.375Z
113.02,75.23,2025-05-05T00:18:57.375Z
107.55,51.41,2025-05-05T00:18:57.375Z
110.89,50.06,2025-05-05T00:18:57.375Z
109.29,31.65,2025-05-05T00:18:57.375Z
119.61,89.97,2025-05-05T00:18:57.375Z
116.0,36.25,2025-05-05T00:18:57.375Z
110.44,48.7,2025-05-05T00:18:57.375Z
108.87,81.78,2025-05-05T00:18:57.375Z
111.3,31.42,2025-05-05T00:18:57.375Z
116.71,87.27,2025-05-05T00:18:57.375Z
115.75,62.03,2025-05-05T00:18:57.375Z
110.18,68.32,2025-05-05T00:18:57.375Z
116.27,32.83,2025-05-05T00:18:57.375Z
114.3,35.79,2025-05-05T00:18:57.375Z
110.71,88.11,2025-05-05T00:18:57.375Z
110.05,59.2,2025-05-05T00:18:57.375Z
111.37,63.17,2025-05-05T00:18:57.375Z
113.62,60.44,2025-05-05T00:18:57.375Z
118.01,55.8,2025-05-05T00:18:57.375Z
118.75,56.06,2025-05-05T00:18:57.375Z
107.42,79.89,2025-05-05T00:18:57.375Z
112.78,45.59,2025-05-05T00:18:57.375Z
114.97,48.62,2025-05-05T00:18:57.375Z
109.34,35.47,2025-05-05T00:18:57.375Z
113.62,34.43,2025-05-05T00:18:57.375Z
113.04,51.13,2025-05-05T00:18:57.375Z
109.93,53.41,2025-05-05T00:18:57.375Z
117.8,30.96,2025-05-05T00:18:57.375Z
109.26,60.66,2025-05-05T00:18:57.375Z
109.95,61.21,2025-05-05T00:18:57.375Z
108.62,75.71,2025-05-05T00:18:57.375Z
112.31,37.27,2025-05-05T00:18:57.375Z
116.53,79.7,2025-05-05T00:18:57.375Z
119.1,46.23,2025-05-05T00:18:57.375Z
114.23,40.55,2025-05-05T00:18:57.375Z
118.31,57.76,2025-05-05T00:18:57.375Z
110.2,84.21,2025-05-05T00:18:57.375Z
115.76,79.61,2025-05-05T00:18:57.375Z
119.29,30.87,2025-05-05T00:18:57.375Z
112.14,70.78,2025-05-05T00:18:57.375Z
116.17,31.51,2025-05-05T00:18:57.375Z
117.74,69.26,2025-05-05T00:18:57.375Z
108.67,67.92,2025-05-05T00:18:57.375Z
116.9,73.35,2025-05-05T00:18:57.375Z
119.71,43.08,2025-05-05T00:18:57.375Z
116.51,79.74,2025-05-05T00:18:57.375Z
118.07,70.99,2025-05-05T00:18:57.375Z
111.97,46.06,2025-05-05T00:18:57.375Z
117.6,39.96,2025-05-05T00:18:57.375Z
108.53,33.16,2025-05-05T00:18:57.375Z
117.65,71.42,2025-05-05T00:18:57.375Z
119.45,82.37,2025-05-05T00:18:57.375Z
115.14,67.5,2025-05-05T00:18:57.375Z
116.03,80.5,2025-05-05T00:18:57.375Z
113.25,34.84,2025-05-05T00:18:57.375Z
119.45,45.58,2025-05-05T00:18:57.375Z
107.57,32.16,2025-05-05T00:18:57.375Z
109.44,44.16,2025-05-05T00:18:57.375Z
117.09,33.91,2025-05-05T00:18:57.375Z
117.4,53.5,2025-05-05T00:18:57.375Z
114.27,76.91,2025-05-05T00:18:57.375Z
119.25,75.16,2025-05-05T00:18:57.375Z
111.78,43.56,2025-05-05T00:18:57.375Z
108.84,50.11,2025-05-05T00:18:57.375Z
114.04,33.56,2025-05-05T00:18:57.375Z
118.51,53.54,2025-05-05T00:18:57.375Z
114.61,46.88,2025-05-05T00:18:57.375Z
110.88,75.66,2025-05-05T00:18:57.375Z
114.34,81.46,2025-05-05T00:18:57.375Z
117.02,79.51,2025-05-05T00:18:57.375Z
109.83,66.43,2025-05-05T00:18:57.375Z
116.44,72.38,2025-05-05T00:18:57.375Z
108.66,57.77,2025-05-05T00:18:57.375Z
111.23,68.53,2025-05-05T00:18:57.375Z
112.13,37.9,2025-05-05T00:18:57.375Z
112.79,78.6,2025-05-05T00:18:57.375Z
114.56,54.12,2025-05-05T00:18:57.375Z
110.87,56.14,2025-05-05T00:18:57.375Z
115.47,77.77,2025-05-05T00:18:57.375Z
114.83,48.12,2025-05-05T00:18:57.375Z
115.61,45.32,2025-05-05T00:18:57.375Z
108.33,84.44,2025-05-05T00:18:57.375Z
113.32,44.24,2025-05-05T00:18:57.375Z
115.71,89.3,2025-05-05T00:18:57.375Z
117.47,73.14,2025-05-05T00:18:57.375Z
117.47,44.8,2025-05-05T00:18:57.375Z
118.82,54.34,2025-05-05T00:18:57.375Z
111.1,69.17,2025-05-05T00:18:57.375Z
114.8,71.91,2025-05-05T00:18:57.375Z
113.64,88.77,2025-05-05T00:18:57.375Z
112.4,62.47,2025-05-05T00:18:57.375Z
115.1,46.53,2025-05-05T00:18:57.375Z
115.76,83.79,2025-05-05T00:18:57.375Z
115.34,62.68,2025-05-05T00:18:57.375Z
114.7,76.53,2025-05-05T00:18:57.375Z
115.77,77.97,2025-05-05T00:18:57.375Z
109.28,51.79,2025-05-05T00:18:57.375Z
112.97,77.11,2025-05-05T00:18:57.375Z
115.72,63.05,2025-05-05T00:18:57.375Z
114.53,78.99,2025-05-05T00:18:57.375Z
117.01,44.47,2025-05-05T00:18:57.375Z
116.82,66.24,2025-05-05T00:18:57.375Z
113.88,89.94,2025-05-05T00:18:57.375Z
111.02,53.09,2025-05-05T00:18:57.375Z
111.41,78.84,2025-05-05T00:18:57.375Z
116.36,71.67,2025-05-05T00:18:57.375Z
111.79,80.94,2025-05-05T00:18:57.375Z
118.83,38.82,2025-05-05T00:18:57.375Z
115.29,47.42,2025-05-05T00:18:57.375Z
118.82,69.72,2025-05-05T00:18:57.375Z
117.12,54.53,2025-05-05T00:18:57.375Z
113.41,88.31,2025-05-05T00:18:57.375Z
110.19,32.46,2025-05-05T00:18:57.375Z
108.75,85.71,2025-05-05T00:18:57.375Z
108.43,87.72,2025-05-05T00:18:57.375Z
107.4,53.8,2025-05-05T00:18:57.375Z
109.47,45.22,2025-05-05T00:18:57.375Z
118.79,38.04,2025-05-05T00:18:57.375Z
117.99,84.33,2025-05-05T00:18:57.375Z
113.46,63.17,2025-05-05T00:18:57.375Z
112.9,41.91,2025-05-05T00:18:57.375Z
113.97,36.28,2025-05-05T00:18:57.375Z
117.78,40.16,2025-05-05T00:18:57.375Z
119.95,75.54,2025-05-05T00:18:57.375Z
109.09,32.65,2025-05-05T00:18:57.375Z
110.75,61.08,2025-05-05T00:18:57.375Z
109.39,33.14,2025-05-05T00:18:57.375Z
111.23,30.75,2025-05-05T00:18:57.375Z
117.16,64.74,2025-05-05T00:18:57.375Z
109.53,50.99,2025-05-05T00:18:57.375Z
108.31,35.1,2025-05-05T00:18:57.375Z
117.5,64.73,2025-05-05T00:18:57.375Z
109.27,78.89,2025-05-05T00:18:57.375Z
112.38,57.31,2025-05-05T00:18:57.375Z
109.61,88.08,2025-05-05T00:18:57.375Z
117.64,61.17,2025-05-05T00:18:57.375Z
107.69,66.69,2025-05-05T00:18:57.375Z
118.88,84.68,2025-05-05T00:18:57.375Z
116.79,83.73,2025-05-05T00:18:57.375Z
116.33,65.47,2025-05-05T00:18:57.375Z
119.49,69.77,2025-05-05T00:18:57.375Z
116.44,84.66,2025-05-05T00:18:57.375Z
112.45,49.21,2025-05-05T00:18:57.375Z
108.31,86.72,2025-05-05T00:18:57.375Z
109.74,56.06,2025-05-05T00:18:57.375Z
109.6,61.07,2025-05-05T00:18:57.375Z
109.24,33.85,2025-05-05T00:18:57.375Z
110.94,63.11,2025-05-05T00:18:57.375Z
118.15,57.58,2025-05-05T00:18:57.375Z
115.62,57.32,2025-05-05T00:18:57.375Z
117.98,34.77,2025-05-05T00:18:57.375Z
119.31,68.32,2025-05-05T00:18:57.375Z
116.34,73.08,2025-05-05T00:18:57.375Z
111.25,63.18,2025-05-05T00:18:57.375Z
117.49,45.44,2025-05-05T00:18:57.375Z
112.04,85.53,2025-05-05T00:18:57.375Z
116.03,51.5,2025-05-05T00:18:57.375Z
117.11,83.26,2025-05-05T00:18:57.375Z
111.4,33.34,2025-05-05T00:18:57.375Z
110.2,49.11,2025-05-05T00:18:57.375Z
115.32,59.68,2025-05-05T00:18:57.375Z
113.9,84.92,2025-05-05T00:18:57.375Z
113.73,40.48,2025-05-05T00:18:57.375Z
115.04,42.73,2025-05-05T00:18:57.375Z
110.01,59.18,2025-05-05T00:18:57.375Z
111.65,85.73,2025-05-05T00:18:57.375Z
109.23,34.22,2025-05-05T00:18:57.375Z
119.54,39.36,2025-05-05T00:18:57.375Z
115.33,65.51,2025-05-05T00:18:57.375Z
112.2,60.47,2025-05-05T00:18:57.375Z
113.37,45.26,2025-05-05T00:18:57.375Z
114.56,55.62,2025-05-05T00:18:57.375Z
107.6,71.26,2025-05-05T00:18:57.375Z
114.27,32.98,2025-05-05T00:18:57.375Z
110.87,47.57,2025-05-05T00:18:57.375Z
117.11,76.46,2025-05-05T00:18:57.375Z
117.93,83.44,2025-05-05T00:18:57.375Z
117.27,33.4,2025-05-05T00:18:57.375Z
116.37,49.07,2025-05-05T00:18:57.375Z
111.71,78.45,2025-05-05T00:18:57.375Z
117.63,43.4,2025-05-05T00:18:57.375Z
119.29,67.37,2025-05-05T00:18:57.375Z
112.61,35.23,2025-05-05T00:18:57.375Z
111.38,68.33,2025-05-05T00:18:57.375Z
117.94,66.22,2025-05-05T00:18:57.375Z
114.73,82.99,2025-05-05T00:18:57.375Z
116.45,78.21,2025-05-05T00:18:57.375Z
113.02,39.22,2025-05-05T00:18:57.375Z
112.47,75.85,2025-05-05T00:18:57.375Z
119.36,52.63,2025-05-05T00:18:57.375Z
115.18,33.0,2025-05-05T00:18:57.375Z
112.2,58.11,2025-05-05T00:18:57.375Z
107.4,79.68,2025-05-05T00:18:57.375Z
113.72,44.33,2025-05-05T00:18:57.375Z
115.66,83.78,2025-05-05T00:18:57.375Z
109.07,44.87,2025-05-05T00:18:57.375Z
111.0,44.29,2025-05-05T00:18:57.375Z
111.13,30.12,2025-05-05T00:18:57.375Z
110.22,30.2,2025-05-05T00:18:57.375Z
115.65,34.59,2025-05-05T00:18:57.375Z
112.23,72.02,2025-05-05T00:18:57.375Z
110.82,83.59,2025-05-05T00:18:57.375Z
108.23,43.81,2025-05-05T00:18:57.375Z
108.3,51.97,2025-05-05T00:18:57.375Z
116.25,46.85,2025-05-05T00:18:57.375Z
110.1,30.01,2025-05-05T00:18:57.375Z
117.05,46.1,2025-05-05T00:18:57.375Z
108.76,67.02,2025-05-05T00:18:57.375Z
119.84,42.44,2025-05-05T00:18:57.375Z
111.27,36.42,2025-05-05T00:18:57.375Z
107.66,30.63,2025-05-05T00:18:57.375Z
110.44,54.85,2025-05-05T00:18:57.375Z
107.8,33.54,2025-05-05T00:18:57.375Z
114.01,46.3,2025-05-05T00:18:57.375Z
116.12,41.5,2025-05-05T00:18:57.375Z
111.17,41.01,2025-05-05T00:18:57.375Z
119.66,70.05,2025-05-05T00:18:57.375Z
108.31,41.26,2025-05-05T00:18:57.375Z
109.72,38.02,2025-05-05T00:18:57.375Z
108.89,52.0,2025-05-05T00:18:57.375Z
116.19,49.9,2025-05-05T00:18:57.375Z
119.4,39.14,2025-05-05T00:18:57.375Z
108.28,51.29,2025-05-05T00:18:57.375Z
109.42,49.23,2025-05-05T00:18:57.375Z
115.19,45.41,2025-05-05T00:18:57.375Z
113.52,81.9,2025-05-05T00:18:57.375Z
116.48,86.38,2025-05-05T00:18:57.375Z
115.31,83.49,2025-05-05T00:18:57.375Z
113.5,73.9,2025-05-05T00:18:57.375Z
107.37,64.05,2025-05-05T00:18:57.375Z
119.32,33.39,2025-05-05T00:18:57.375Z
109.78,44.41,2025-05-05T00:18:57.375Z
107.86,69.34,2025-05-05T00:18:57.375Z
114.32,49.64,2025-05-05T00:18:57.375Z
117.14,58.48,2025-05-05T00:18:57.375Z
117.66,89.85,2025-05-05T00:18:57.375Z
110.27,35.01,2025-05-05T00:18:57.375Z
109.9,60.9,2025-05-05T00:18:57.375Z
111.15,37.64,2025-05-05T00:18:57.375Z
119.56,41.94,2025-05-05T00:18:57.375Z
114.66,38.15,2025-05-05T00:18:57.375Z
110.24,51.11,2025-05-05T00:18:57.375Z
108.77,65.4,2025-05-05T00:18:57.375Z
115.48,83.22,2025-05-05T00:18:57.375Z
116.53,89.45,2025-05-05T00:18:57.375Z
114.06,83.44,2025-05-05T00:18:57.375Z
108.67,61.35,2025-05-05T00:18:57.375Z
119.04,73.53,2025-05-05T00:18:57.375Z
117.65,62.29,2025-05-05T00:18:57.375Z
115.39,71.08,2025-05-05T00:18:57.375Z
118.17,52.09,2025-05-05T00:18:57.375Z
117.91,57.16,2025-05-05T00:18:57.375Z
117.15,33.81,2025-05-05T00:18:57.375Z
113.23,58.38,2025-05-05T00:18:57.375Z
110.76,75.12,2025-05-05T00:18:57.375Z
117.11,85.37,2025-05-05T00:18:57.375Z
118.81,89.41,2025-05-05T00:18:57.375Z
114.97,69.34,2025-05-05T00:18:57.375Z
116.72,89.74,2025-05-05T00:18:57.375Z
110.09,43.36,2025-05-05T00:18:57.375Z
118.03,43.44,2025-05-05T00:18:57.375Z
112.31,40.56,2025-05-05T00:18:57.375Z
107.91,43.3,2025-05-05T00:18:57.375Z
112.56,49.07,2025-05-05T00:18:57.375Z
119.98,45.45,2025-05-05T00:18:57.375Z
108.89,47.85,2025-05-05T00:18:57.375Z
115.57,37.08,2025-05-05T00:18:57.375Z
110.09,34.11,2025-05-05T00:18:57.375Z
109.34,33.99,2025-05-05T00:18:57.375Z
111.73,35.04,2025-05-05T00:18:57.375Z
113.6,70.03,2025-05-05T00:18:57.375Z
114.85,68.31,2025-05-05T00:18:57.375Z
109.19,34.93,2025-05-05T00:18:57.375Z
112.88,33.18,2025-05-05T00:18:57.375Z
113.43,42.57,2025-05-05T00:18:57.375Z
107.72,60.22,2025-05-05T00:18:57.375Z
116.34,53.0,2025-05-05T00:18:57.375Z
107.33,70.21,2025-05-05T00:18:57.375Z
114.19,45.82,2025-05-05T00:18:57.375Z
109.45,40.72,2025-05-05T00:18:57.375Z
114.34,42.83,2025-05-05T00:18:57.375Z
118.1,89.26,2025-05-05T00:18:57.375Z
114.25,72.74,2025-05-05T00:18:57.375Z
112.2,85.24,2025-05-05T00:18:57.375Z
111.4,73.01,2025-05-05T00:18:57.375Z
115.04,79.31,2025-05-05T00:18:57.375Z
112.93,68.87,2025-05-05T00:18:57.375Z
109.03,70.55,2025-05-05T00:18:57.375Z
115.46,58.34,2025-05-05T00:18:57.375Z
110.89,85.21,2025-05-05T00:18:57.375Z
115.41,69.18,2025-05-05T00:18:57.375Z
111.92,57.6,2025-05-05T00:18:57.375Z
110.29,39.94,2025-05-05T00:18:57.375Z
116.92,31.73,2025-05-05T00:18:57.375Z
110.55,34.39,2025-05-05T00:18:57.375Z
119.6,31.12,2025-05-05T00:18:57.375Z
114.72,57.26,2025-05-05T00:18:57.375Z
114.74,80.47,2025-05-05T00:18:57.375Z
110.75,85.86,2025-05-05T00:18:57.375Z
114.59,81.97,2025-05-05T00:18:57.375Z
110.63,41.41,2025-05-05T00:18:57.375Z
110.04,68.02,2025-05-05T00:18:57.375Z
118.06,85.89,2025-05-05T00:18:57.375Z
107.56,36.14,2025-05-05T00:18:57.375Z
114.95,38.01,2025-05-05T00:18:57.375Z
107.92,87.78,2025-05-05T00:18:57.375Z
110.3,45.47,2025-05-05T00:18:57.375Z
109.07,59.81,2025-05-05T00:18:57.375Z
111.54,31.22,2025-05-05T00:18:57.375Z
117.64,77.54,2025-05-05T00:18:57.375Z
117.03,85.16,2025-05-05T00:18:57.375Z
113.01,88.55,2025-05-05T00:18:57.375Z
115.22,72.0,2025-05-05T00:18:57.375Z
117.27,53.55,2025-05-05T00:18:57.375Z
107.85,52.94,2025-05-05T00:18:57.375Z
116.67,81.76,2025-05-05T00:18:57.375Z
118.36,50.28,2025-05-05T00:18:57.375Z
111.84,80.8,2025-05-05T00:18:57.375Z
114.32,69.09,2025-05-05T00:18:57.375Z
108.14,66.23,2025-05-05T00:18:57.375Z
119.58,33.41,2025-05-05T00:18:57.375Z
108.05,89.34,2025-05-05T00:18:57.375Z
113.86,78.21,2025-05-05T00:18:57.375Z
114.75,78.78,2025-05-05T00:18:57.375Z
109.29,42.01,2025-05-05T00:18:57.375Z
108.95,55.91,2025-05-05T00:18:57.375Z
118.74,46.93,2025-05-05T00:18:57.375Z
112.2,77.59,2025-05-05T00:18:57.375Z
111.21,64.11,2025-05-05T00:18:57.375Z
111.63,34.97,2025-05-05T00:18:57.375Z
116.55,60.93,2025-05-05T00:18:57.375Z
111.82,66.62,2025-05-05T00:18:57.375Z
118.79,46.97,2025-05-05T00:18:57.375Z
119.14,74.05,2025-05-05T00:18:57.375Z
109.18,71.88,2025-05-05T00:18:57.375Z
114.58,55.32,2025-05-05T00:18:57.375Z
112.63,71.14,2025-05-05T00:18:57.375Z
108.62,55.77,2025-05-05T00:18:57.375Z
112.25,85.31,2025-05-05T00:18:57.375Z
114.62,66.71,2025-05-05T00:18:57.375Z
111.34,76.23,2025-05-05T00:18:57.375Z
111.11,74.56,2025-05-05T00:18:57.375Z
114.39,64.74,2025-05-05T00:18:57.375Z
109.05,50.88,2025-05-05T00:18:57.375Z
109.99,32.34,2025-05-05T00:18:57.375Z
119.26,44.91,2025-05-05T00:18:57.375Z
113.98,85.87,2025-05-05T00:18:57.375Z
117.15,70.9,2025-05-05T00:18:57.375Z
116.61,79.97,2025-05-05T00:18:57.375Z
114.58,30.93,2025-05-05T00:18:57.375Z
112.39,66.01,2025-05-05T00:18:57.375Z
111.61,43.8,2025-05-05T00:18:57.375Z
117.49,68.84,2025-05-05T00:18:57.375Z
118.68,37.43,2025-05-05T00:18:57.375Z
119.25,72.73,2025-05-05T00:18:57.375Z
115.74,51.21,2025-05-05T00:18:57.375Z
114.13,56.33,2025-05-05T00:18:57.375Z
109.87,50.05,2025-05-05T00:18:57.375Z
118.63,81.14,2025-05-05T00:18:57.375Z
110.21,71.06,2025-05-05T00:18:57.375Z
109.37,32.32,2025-05-05T00:18:57.375Z
119.37,53.44,2025-05-05T00:18:57.375Z
116.16,85.16,2025-05-05T00:18:57.375Z
108.02,89.78,2025-05-05T00:18:57.375Z
114.82,35.46,2025-05-05T00:18:57.375Z
115.6,68.23,2025-05-05T00:18:57.375Z
112.53,44.1,2025-05-05T00:18:57.375Z
116.68,30.93,2025-05-05T00:18:57.375Z
108.41,71.96,2025-05-05T00:18:57.375Z
113.1,46.94,2025-05-05T00:18:57.375Z
114.0,78.88,2025-05-05T00:18:57.375Z
114.6,52.17,2025-05-05T00:18:57.375Z
109.95,34.25,2025-05-05T00:18:57.375Z
108.96,31.85,2025-05-05T00:18:57.375Z
112.06,60.58,2025-05-05T00:18:57.375Z
118.25,33.07,2025-05-05T00:18:57.375Z
115.43,82.88,2025-05-05T00:18:57.375Z
115.44,40.72,2025-05-05T00:18:57.375Z
110.27,56.24,2025-05-05T00:18:57.375Z
115.42,37.26,2025-05-05T00:18:57.375Z
115.75,81.63,2025-05-05T00:18:57.375Z
108.99,67.57,2025-05-05T00:18:57.375Z
109.45,73.95,2025-05-05T00:18:57.375Z
111.51,87.29,2025-05-05T00:18:57.375Z
113.42,36.32,2025-05-05T00:18:57.375Z
117.88,78.94,2025-05-05T00:18:57.375Z
110.55,42.93,2025-05-05T00:18:57.375Z
110.03,73.51,2025-05-05T00:18:57.375Z
113.09,44.02,2025-05-05T00:18:57.375Z
115.61,73.7,2025-05-05T00:18:57.375Z
114.12,52.56,2025-05-05T00:18:57.375Z
107.75,68.92,2025-05-05T00:18:57.375Z
109.94,46.31,2025-05-05T00:18:57.375Z
118.7,81.99,2025-05-05T00:18:57.375Z
114.02,87.27,2025-05-05T00:18:57.375Z
110.35,48.51,2025-05-05T00:18:57.375Z
107.49,77.5,2025-05-05T00:18:57.375Z
116.92,35.95,2025-05-05T00:18:57.375Z
110.63,33.91,2025-05-05T00:18:57.375Z
119.48,62.75,2025-05-05T00:18:57.375Z
109.33,75.77,2025-05-05T00:18:57.375Z
114.15,31.9,2025-05-05T00:18:57.375Z
108.28,42.18,2025-05-05T00:18:57.375Z
108.69,73.98,2025-05-05T00:18:57.375Z
116.2,79.58,2025-05-05T00:18:57.375Z
117.32,64.87,2025-05-05T00:18:57.375Z
114.55,81.9,2025-05-05T00:18:57.375Z
116.74,69.44,2025-05-05T00:18:57.375Z
116.4,33.04,2025-05-05T00:18:57.375Z
115.13,66.88,2025-05-05T00:18:57.375Z
109.11,75.72,2025-05-05T00:18:57.375Z
115.02,88.03,2025-05-05T00:18:57.375Z
119.15,78.43,2025-05-05T00:18:57.375Z
117.08,76.1,2025-05-05T00:18:57.375Z
113.72,73.52,2025-05-05T00:18:57.375Z
118.76,78.51,2025-05-05T00:18:57.375Z
111.6,32.2,2025-05-05T00:18:57.375Z
115.99,62.29,2025-05-05T00:18:57.375Z
118.84,65.66,2025-05-05T00:18:57.375Z
109.78,84.97,2025-05-05T00:18:57.375Z
108.7,47.15,2025-05-05T00:18:57.375Z
118.09,60.81,2025-05-05T00:18:57.375Z
110.36,54.96,2025-05-05T00:18:57.375Z
109.35,89.01,2025-05-05T00:18:57.375Z
110.47,57.84,2025-05-05T00:18:57.375Z
112.76,75.69,2025-05-05T00:18:57.375Z
107.8,59.42,2025-05-05T00:18:57.375Z
113.14,88.06,2025-05-05T00:18:57.375Z
113.09,46.67,2025-05-05T00:18:57.375Z
113.72,88.27,2025-05-05T00:18:57.375Z
112.33,53.92,2025-05-05T00:18:57.375Z
109.84,35.11,2025-05-05T00:18:57.375Z
117.77,54.61,2025-05-05T00:18:57.375Z
117.9,88.31,2025-05-05T00:18:57.375Z
119.03,42.14,2025-05-05T00:18:57.375Z
117.59,70.37,2025-05-05T00:18:57.375Z
112.17,61.48,2025-05-05T00:18:57.375Z
119.84,80.63,2025-05-05T00:18:57.375Z
118.62,65.42,2025-05-05T00:18:57.375Z
118.35,73.55,2025-05-05T00:18:57.375Z
111.55,88.68,2025-05-05T00:18:57.375Z
107.98,46.16,2025-05-05T00:18:57.375Z
108.47,66.04,2025-05-05T00:18:57.375Z
109.4,69.41,2025-05-05T00:18:57.375Z
115.18,50.59,2025-05-05T00:18:57.375Z
117.82,47.48,2025-05-05T00:18:57.375Z
114.54,56.14,2025-05-05T00:18:57.375Z
115.86,79.97,2025-05-05T00:18:57.375Z
117.7,53.34,2025-05-05T00:18:57.375Z
116.85,75.63,2025-05-05T00:18:57.375Z
110.74,42.13,2025-05-05T00:18:57.375Z
119.84,38.61,2025-05-05T00:18:57.375Z
115.73,45.12,2025-05-05T00:18:57.375Z
112.55,34.2,2025-05-05T00:18:57.375Z
109.94,61.45,2025-05-05T00:18:57.375Z
110.52,83.75,2025-05-05T00:18:57.375Z
115.87,89.34,2025-05-05T00:18:57.375Z
113.92,71.35,2025-05-05T00:18:57.375Z
119.63,74.96,2025-05-05T00:18:57.375Z
111.87,36.31,2025-05-05T00:18:57.375Z
113.59,62.63,2025-05-05T00:18:57.375Z
118.78,75.84,2025-05-05T00:18:57.375Z
117.78,49.49,2025-05-05T00:18:57.375Z
109.24,34.51,2025-05-05T00:18:57.375Z
112.61,82.83,2025-05-05T00:18:57.375Z
107.76,36.98,2025-05-05T00:18:57.375Z
108.45,84.17,2025-05-05T00:18:57.375Z
111.55,48.92,2025-05-05T00:18:57.375Z
115.44,43.04,2025-05-05T00:18:57.375Z
109.96,82.35,2025-05-05T00:18:57.375Z
118.15,58.89,2025-05-05T00:18:57.375Z
107.71,55.61,2025-05-05T00:18:57.375Z
119.67,58.42,2025-05-05T00:18:57.375Z
107.49,36.02,2025-05-05T00:18:57.375Z
113.78,62.25,2025-05-05T00:18:57.375Z
113.13,87.03,2025-05-05T00:18:57.375Z
108.78,44.3,2025-05-05T00:18:57.375Z
111.6,88.69,2025-05-05T00:18:57.375Z
115.49,64.91,2025-05-05T00:18:57.375Z
113.85,53.55,2025-05-05T00:18:57.375Z
114.02,76.85,2025-05-05T00:18:57.375Z
118.64,44.18,2025-05-05T00:18:57.375Z
119.45,58.12,2025-05-05T00:18:57.375Z
116.18,61.55,2025-05-05T00:18:57.375Z
108.25,40.4,2025-05-05T00:18:57.375Z
113.85,32.23,2025-05-05T00:18:57.375Z
108.25,40.94,2025-05-05T00:18:57.375Z
117.15,89.8,2025-05-05T00:18:57.375Z
108.9,40.31,2025-05-05T00:18:57.375Z
107.61,73.44,2025-05-05T00:18:57.375Z
109.1,52.63,2025-05-05T00:18:57.375Z
115.21,83.51,2025-05-05T00:18:57.375Z
107.93,85.63,2025-05-05T00:18:57.375Z
111.23,82.63,2025-05-05T00:18:57.375Z
114.07,77.17,2025-05-05T00:18:57.375Z
111.76,63.61,2025-05-05T00:18:57.375Z
107.67,61.33,2025-05-05T00:18:57.375Z
116.18,37.09,2025-05-05T00:18:57.375Z
117.28,89.01,2025-05-05T00:18:57.375Z
114.7,79.97,2025-05-05T00:18:57.375Z
113.58,37.62,2025-05-05T00:18:57.375Z
113.79,35.22,2025-05-05T00:18:57.375Z
117.36,66.76,2025-05-05T00:18:57.375Z
114.21,75.03,2025-05-05T00:18:57.375Z
110.44,43.2,2025-05-05T00:18:57.375Z
110.01,88.62,2025-05-05T00:18:57.375Z
111.22,81.23,2025-05-05T00:18:57.375Z
109.24,33.46,2025-05-05T00:18:57.375Z
114.04,44.75,2025-05-05T00:18:57.375Z
111.04,66.76,2025-05-05T00:18:57.375Z
115.77,63.81,2025-05-05T00:18:57.375Z
118.86,60.67,2025-05-05T00:18:57.375Z
114.34,38.02,2025-05-05T00:18:57.375Z
116.63,38.41,2025-05-05T00:18:57.375Z
115.58,62.56,2025-05-05T00:18:57.375Z
110.09,65.81,2025-05-05T00:18:57.375Z
107.43,47.65,2025-05-05T00:18:57.375Z
118.03,58.26,2025-05-05T00:18:57.375Z
108.96,52.71,2025-05-05T00:18:57.375Z
119.95,56.3,2025-05-05T00:18:57.375Z
119.74,37.15,2025-05-05T00:18:57.375Z
108.03,31.66,2025-05-05T00:18:57.375Z
118.84,77.88,2025-05-05T00:18:57.375Z
111.05,72.02,2025-05-05T00:18:57.375Z
114.36,50.91,2025-05-05T00:18:57.375Z
109.02,67.66,2025-05-05T00:18:57.375Z
112.6,37.44,2025-05-05T00:18:57.375Z
107.39,40.27,2025-05-05T00:18:57.375Z
110.59,47.99,2025-05-05T00:18:57.375Z
117.8,49.03,2025-05-05T00:18:57.375Z
108.58,77.98,2025-05-05T00:18:57.375Z
114.34,62.93,2025-05-05T00:18:57.375Z
110.33,62.75,2025-05-05T00:18:57.375Z
116.47,56.86,2025-05-05T00:18:57.375Z
119.96,37.43,2025-05-05T00:18:57.375Z
118.71,41.31,2025-05-05T00:18:57.375Z
115.89,43.08,2025-05-05T00:18:57.375Z
110.79,34.51,2025-05-05T00:18:57.375Z
117.46,78.62,2025-05-05T00:18:57.375Z
113.82,59.39,2025-05-05T00:18:57.375Z
117.62,61.96,2025-05-05T00:18:57.375Z
116.52,34.5,2025-05-05T00:18:57.375Z
107.86,88.57,2025-05-05T00:18:57.375Z
108.23,81.77,2025-05-05T00:18:57.375Z
107.54,30.48,2025-05-05T00:18:57.375Z
108.61,54.02,2025-05-05T00:18:57.375Z
114.18,69.4,2025-05-05T00:18:57.375Z
111.17,76.53,2025-05-05T00:18:57.375Z
116.72,34.05,2025-05-05T00:18:57.375Z
117.69,63.96,2025-05-05T00:18:57.375Z
109.48,42.42,2025-05-05T00:18:57.375Z
108.8,49.25,2025-05-05T00:18:57.375Z
115.43,59.42,2025-05-05T00:18:57.375Z
109.01,80.81,2025-05-05T00:18:57.375Z
119.07,45.49,2025-05-05T00:18:57.375Z
112.02,68.05,2025-05-05T00:18:57.375Z
109.22,61.0,2025-05-05T00:18:57.375Z
109.65,44.87,2025-05-05T00:18:57.375Z
118.24,53.46,2025-05-05T00:18:57.375Z
109.51,55.73,2025-05-05T00:18:57.375Z
113.76,83.24,2025-05-05T00:18:57.375Z
117.22,61.46,2025-05-05T00:18:57.375Z
116.17,81.27,2025-05-05T00:18:57.375Z
115.92,49.69,2025-05-05T00:18:57.375Z
110.7,44.61,2025-05-05T00:18:57.375Z
116.53,70.04,2025-05-05T00:18:57.375Z
118.53,32.2,2025-05-05T00:18:57.375Z
109.6,65.57,2025-05-05T00:18:57.375Z
118.08,76.7,2025-05-05T00:18:57.375Z
116.96,53.53,2025-05-05T00:18:57.375Z
116.18,32.68,2025-05-05T00:18:57.375Z
112.94,38.79,2025-05-05T00:18:57.375Z
108.75,32.4,2025-05-05T00:18:57.375Z
108.7,82.22,2025-05-05T00:18:57.375Z
112.39,39.76,2025-05-05T00:18:57.375Z
118.75,49.59,2025-05-05T00:18:57.375Z
114.81,76.92,2025-05-05T00:18:57.375Z
114.91,44.02,2025-05-05T00:18:57.375Z
116.86,45.6,2025-05-05T00:18:57.375Z
110.9,54.09,2025-05-05T00:18:57.375Z
112.18,32.31,2025-05-05T00:18:57.375Z
112.66,85.25,2025-05-05T00:18:57.375Z
114.86,83.94,2025-05-05T00:18:57.375Z
107.57,71.97,2025-05-05T00:18:57.375Z
113.13,65.85,2025-05-05T00:18:57.375Z
115.39,37.88,2025-05-05T00:18:57.375Z
111.49,71.16,2025-05-05T00:18:57.375Z
112.1,85.55,2025-05-05T00:18:57.375Z
114.86,44.26,2025-05-05T00:18:57.375Z
112.87,36.3,2025-05-05T00:18:57.375Z
110.99,39.86,2025-05-05T00:18:57.375Z
110.04,64.07,2025-05-05T00:18:57.375Z
110.15,86.54,2025-05-05T00:18:57.375Z
109.95,69.66,2025-05-05T00:18:57.375Z
109.83,43.17,2025-05-05T00:18:57.375Z
119.52,58.91,2025-05-05T00:18:57.375Z
116.42,74.49,2025-05-05T00:18:57.375Z
113.15,63.22,2025-05-05T00:18:57.375Z
112.93,69.19,2025-05-05T00:18:57.375Z
118.61,88.73,2025-05-05T00:18:57.375Z
119.22,82.6,2025-05-05T00:18:57.375Z
